,collection
0,12345rainbow
1,1amazingbook
2,1bitcoinlive
3,1bodyinmove1
4,1coolartnft1
6,1fungidents1
7,1neuroworlds
8,1pokemenbolg
9,1rabbithole1
10,1spacecorgis
11,2cryptokingg
13,3dnanoocards
14,3doddities33
16,515toysinthe
17,a11ianworlds
18,a1ieneworlds
19,a1ienlwor1ds
21,a1ienswor1ds
22,a1ienvvor1de
23,a1ienvvordds
24,a1ienvvorlds
25,a1ienzworlds
26,aalienworlds
27,aallienworld
28,abstractprnt
29,abstracts1sm
30,aceboogznfts
31,adigitalacid
32,africanartza
33,ahuevonshots
34,aigeometrics
35,aiiencworlds
36,aiienvvorlds
37,aiienworldss
38,ailenwoorids
39,aillenworlds
40,ailllenworld
43,aleienworlds
44,alexartworks
46,alieenworlds
47,alieenworlld
48,aliemmworlds
49,aliemsworlds
51,aliemwworlds
52,alien.worlds
53,alienanomaly
54,aliencworlds
55,alieneworlds
56,alienfansart
57,alienftshelk
60,alienlworlds
61,alienmworlds
62,aliennwiorld
64,alienpaworld
65,alienpworlds
68,alienswor1ds
69,alienswordls
70,aliensworldc
71,aliensworlds
72,alienswworld
73,alienvvor1ds
74,alienvvorld2
75,alienvvorlds
76,alienvvorlld
77,alienvvworld
79,alienwoorild
80,alienwoorlds
81,alienwordlls
83,alienworilds
85,alienworldla
86,alienworrlds
87,alienwvorlds
91,aliiennworld
92,aliienswolds
93,aliienvvorld
94,aliienworids
95,alleenworlds
96,alleniworlds
99,allensworlds
100,allenvvorlds
104,alllenworlds
105,alllenworlks
107,alonworldscs
108,alpacaworlds
109,alwayspastel
110,amamainart15
111,ambidextrous
112,angryflygame
113,animalbreeds
114,animewaifupx
115,annafinearts
116,anonvdigital
117,anthon1hurdy
118,anyo.b1
119,anytasknifty
120,aprenticeart
121,aprilletters
122,architectart
123,armiesxpower
124,army
125,artburnstash
126,artbyhuddo21
127,artbykstuart
128,artcryptogif
129,artdrawnbyme
130,artepileptic
131,arthistory21
132,artlimiteddd
133,artofacidsun
134,artpopsurban
135,artworldnfts
136,ascamdemic21
137,asloanartist
138,astrocutties
139,astrolabebrz
140,atari
141,athalloffame
142,atomic
143,atomiccomics
144,autowildnfts
145,awakenedkeys
146,azanellonfts
147,backsllkiozx
148,badcryptonft
149,baddaysznfts
150,baddingtons1
151,badges.b1
152,bakuretsuhun
153,bananodesign
154,bananotimea1
155,barghout.r2
156,battlegames1
157,bccaldwell13
158,beatzbyweena
159,beautyofntr1
160,beautywifeee
161,belledelphxx
162,bestwishes4u
163,bihutnetwork
164,bitcoinelite
165,bitcoinorign
166,bitdragons11
167,bitflickerb1
168,bitkenstanxx
169,bitporncards
170,bitspacecryp
171,bitverse
172,bitversevere
173,bitverseveri
174,bkxcnftdrops
175,blackdemon33
176,blackmoney12
177,blanesstudio
178,blkchancards
179,blockblumpas
180,blockchain22
181,blockmonkies
182,bloodbathsix
183,blueprints11
184,bluewizardsn
185,bluwizlegacy
186,bobopixeloxo
187,boid4science
188,boneheads444
189,borlandworld
190,bosqueclanv1
192,boxmazeonwax
193,boysofsummer
194,boysofsummur
195,brandonwolf4
196,bratz
197,bravebrowser
198,brucewaxnftz
199,btcartdrops1
200,btcorigins21
201,btcprpgnda22
202,budfarm.leaf
203,buildingsarc
204,burgerstyles
205,buslifeworld
207,bwboobsart21
208,byjohnhunter
209,byronartset1
210,byronszbcats
211,cabal
212,cafebtwpod21
214,cardbardgame
215,cardseriess1
216,cartombs.r2
217,cartoombsir2
218,catartnfts21
220,catfresharts
221,catheadpunks
222,cbanotshotsx
223,cc32dninenft
224,ccdmacrolife
225,cedauri54321
227,checkmatenft
228,cheesmansart
229,chesspuzzles
230,chibiproject
231,chilevisuals
232,chimneecomic
233,chipandbrock
234,chronaverse1
235,chronaverse2
237,clashdomenft
238,classeartacr
239,classicaltat
240,claypetfox12
241,cloudchasers
242,codamecrypto
243,codingisland
244,coinbots1111
245,coindodocard
246,coitalgroups
247,collectemall
248,collectwhale
249,colonizemars
250,comicsdcntrl
251,conceptboxxx
252,conceptvideo
253,coolasset123
254,cooolaidtest
255,cornchipsdcs
256,coronapandem
257,coronecolect
258,cptnpwnznftz
259,craslhgordon
261,creationblok
262,creationcode
263,creaturanary
264,creekdrops21
265,creepmachine
266,cric.owens
267,croniccards1
268,crpcreatures
269,crptomonkeys
270,crptoskillrs
271,crroriginals
272,cryberpunks1
273,crypsychosis
274,cryptamoonie
275,cryptenthuss
276,crypticdzign
278,cryptmonster
279,crypto5tache
280,cryptoatacks
281,cryptobabes1
283,cryptobeings
284,cryptoblood1
285,cryptobugs21
286,cryptocactus
288,cryptocross1
289,cryptocrypt2
291,cryptodogsbr
292,cryptodrugsy
293,cryptoeuclid
294,cryptofami1y
295,cryptoflash1
297,cryptohentai
298,cryptohounds
299,cryptojitsu1
300,cryptomedals
301,cryptomindso
302,cryptomoonie
303,cryptoninjaa
304,cryptonormyz
305,cryptooil111
306,cryptopixe1s
308,cryptopornxx
309,cryptopuppie
310,cryptopuppyz
311,cryptopuzzle
312,cryptosanta1
313,cryptoscape1
314,cryptosharks
315,cryptosole21
317,cryptoswatch
318,cryptotwerpz
319,cryptouno1st
320,cryptowaifus
321,cryptozootop
322,cryptpwrcube
323,cursescurses
324,cuteboxonwax
325,cutecrushies
326,cutedoodless
327,cutiewaifu4u
328,cyberbullyin
329,cybernosfrt1
330,cyberporntwo
331,cyberpuppies
332,cyberwaifuss
333,d1rtyflapjak
334,dailydosenft
335,danishcrypto
336,danmayphotos
337,darkcountryh
338,darksiderprz
339,dayakorigins
340,dazstudionft
341,dbrokendollz
342,deadbabiesbg
343,deadmau5
345,dedhedartist
346,deepdivetrip
347,demiashbrand
349,demodemodemo
350,desertseries
351,despairlovez
352,devtest12345
353,dgevangelist
354,digipiglets1
355,digitalblock
356,digitaldonut
357,digitalducks
358,digitalpetzz
359,dingleberrie
360,divergence33
361,divinftyser1
362,dnabloodwrld
364,dogemoncards
365,dogpatchbrew
366,dokidokipnks
367,dokidokipunk
368,dolpchainwax
369,donateworlds
370,dontpanicone
371,doodleartoon
372,doodlenoodle
373,dopestickers
374,dpsafecolors
375,dragonballxx
376,drawingmss21
377,drawlloween1
378,driiiipstars
379,dripnwithwax
380,drzammsydolo
381,dualityxxvi1
382,dualvoidgifs
383,dungeonworld
384,dust
385,dvburkeart11
386,dygyconstuff
387,e2premiumnft
388,e2tradecards
389,eacollection
391,elementalpix
392,elementblobs
393,elvesmachine
395,emilnazaroff
396,emofaceart11
397,empiregrower
398,emporiumnfts
399,endlessloots
400,enterseries1
401,enviroblocks
402,eosdetfanart
403,eosgocards11
404,eosnationama
405,eosnhotsauce
406,epilepticimg
407,erisinthesea
409,ethermineeee
410,everydaynfts
411,evogamingart
413,exit1imbowax
414,exitiimbowax
415,exitlimbowam
416,exitlimbowax
418,faketestbtco
419,fallingupnft
421,fanaticsuno1
422,fantasypsnts
423,fatboycrypto
424,fatjimmyamps
425,figurinhanft
426,fillthespace
427,finallyalign
428,flegandsnfts
429,flegendsnfts
430,fluidartlove
431,fondmemories
432,foodmonsters
433,foodwarspctx
434,formulawon21
436,fractalhouse
437,fractallover
438,fractaplanet
439,freakyfoodzz
440,freefiregame
441,freehongkong
442,freshydroppy
443,fruitelves12
444,fundadoresoo
445,fundotxcutie
448,fwdcollction
449,galametryxxx
450,gamerquesttv
451,gameskardsmk
452,gamesofaline
453,gbartgallery
454,gdz.topps
455,gempathcards
457,geometryguru
458,gifartonwax1
460,giftuniverse
461,gir1slovenft
462,girlpinupart
463,girlsquadart
464,giselxtotems
465,glummybears1
466,gnomeseries1
467,goblinsonwax
468,gocryptobrew
469,goldmannstax
470,goodnewscoin
471,goodvibesart
472,gpk.topps
473,graboidartcc
474,graffcologne
475,graffitinfts
476,graffk1ngsuk
477,grimfolkscol
478,gybniftyclub
479,gyratinghips
480,hallowscards
481,happytokillu
482,hashkingsmuv
483,headzcardz21
484,heavymetal4u
486,herbthechamp
487,hetlnpseries
488,hodlgod
490,hollowoodddd
492,hotcakesdrop
493,hotrodstudio
495,howtotieatie
496,humbledrawin
497,humongoussen
498,hurtinniftys
499,ikimonoworld
500,iminedphuktu
501,imonkearound
502,imtwerkypepe
503,inkingcintam
504,insilentagny
505,introvertcat
506,iramadhanart
508,itsthegoiter
509,jamtinwaxart
510,japanmechadv
511,japanstamp22
512,jesusnft1234
513,joecsketches
514,joinmyshower
517,k1ltroartsss
518,kacreations1
519,kaleidoscope
520,kaniclaymode
521,kaosmoonibc1
522,kelly1artwax
523,kennbosakgif
524,kenriotsarts
525,kernelillokp
526,kevinavadevs
528,kinderminers
530,kinky4crypto
531,kogsofficial
532,konceptonwax
533,koq
534,koralovelace
535,krstarcharts
536,krwingerarts
537,kryptccrypto
538,kryptogalaxy
539,kucoinftreal
540,kurrjursarts
541,kylverprogzz
542,landelephant
544,lbarintexasl
545,ldesignstore
546,leftarmover1
547,legendary111
548,legendsofnft
549,lifestyleart
550,ligermanspor
551,lionstokkens
552,litetigertes
553,lkasitodrop1
554,locationcard
555,lollitedoge1
556,lordsmfbnft1
557,lorenzo1ontu
558,loweffwaifu1
559,lucakartwork
561,luckycharm21
562,ludwigshield
563,luketonftart
564,luminacrypto
565,lurk24dotcom
566,lylpaintings
567,lysergicmind
568,madmarcusmad
569,madshadowart
570,madtowerarts
571,mafiacardwax
572,magiccmullet
573,magnta555art
574,maikis1anfts
575,majesticsea1
577,mandalamesss
578,manderpsyche
579,manolinhonft
580,manusonqncol
581,marbledcrypt
582,marcosdkarte
583,mariartedrop
584,marisolvenga
586,mattaoinesia
587,mattborchert
588,matthewsmaze
590,mbllltooppps
591,mddeesignerr
592,meanderdot11
593,medievalcole
594,medievlmemes
596,mediumformat
597,meisanmuiart
599,meltingsnoww
600,memescartoon
601,memestonktop
602,meninainabox
603,metaforce
604,metalslugnft
605,metalwargame
606,mfjglassssss
607,microworlds1
608,midtownatlga
609,mifamiliavwv
610,minicryptoar
611,miniun1verse
612,misfitspland
613,missteennfts
614,mixandmaxwoo
615,mjartworknft
616,ml1btoppeese
618,mlb.topps
619,mlbbtoppssgg
620,mlbbtoppsver
621,mlbstoppsver
622,mlbtoopppsss
623,mlbtooppsver
624,mlbtopppsver
625,mlbtoppsball
626,mlbtoppsveri
627,mlbtoppsverl
628,mlbtopspsver
629,mlbttopllles
630,mlbttoppsver
631,mlbxtoppsver
632,mllbtoppsver
633,mllbttooppss
635,mlllbbtoopps
638,mmlbtoppsver
639,momentintime
640,monalisanft1
641,monke2monkey
642,monkeysworld
643,monsterattac
644,monsters.r2
645,monsterworld
646,monstrfanart
647,mosaicartcrd
648,mosaicstamps
649,motoartworks
650,mrcryptonfts
651,mrfractalsss
652,mrriro3darts
653,mrtreefanart
654,mtpgothicart
655,mugzbyjwdnft
656,mundobitcoin
657,mundovilnfts
658,murderclowns
659,mutants.r2
661,muterrapromo
663,mycryptocaps
664,myfathersart
665,myfirstcards
666,mykidcandraw
667,mymindislike
669,myrenderhead
670,mytreasures1
672,nanacollecta
674,nastyhooks4u
676,natalysketch
677,nathan4naron
678,natsumameart
680,nerdherd1111
681,newageartnow
682,nexusdigital
683,nftartduarah
684,nftartmuseum
685,nftastrology
686,nftboxing123
687,nftbulls4141
688,nfteasegirls
689,nftfantasy23
690,nfthypealbum
691,nftinsiderio
692,nftkitchentc
693,nftmyjourney
694,nftrashreals
695,nftsgeniusxv
696,nftstickerco
697,nfttraveling
698,nftvonhustle
699,niftycards11
700,niftycloud33
701,niftydrops
702,niftysticker
703,niftywizards
704,nightmareart
705,nimoy
706,ninetartnfts
707,noacollector
708,nonfngbgirls
709,nonsequiturs
711,nytcreatures
712,octopusmm111
713,official.wax
714,officialax11
715,officialcozy
716,officialhero
717,offroadpaint
718,oilsofhavana
719,olditemworld
720,olondonsketc
721,ootygerartoo
722,orbitofsolus
724,organicpics1
725,owlsofcrypto
726,paintingart3
728,pantherchams
729,parisartwork
730,parodykidss2
731,pepe
732,pepe.hero
733,pepelovesall
734,periodicelem
736,photoyshop11
738,pictureofart
739,pilsinupland
740,piratesonsea
741,pixelartsgif
742,pixeledfaces
743,pixelheads21
744,pixelhistory
745,pixellabs123
746,pixelsdotart
747,pixelsyugioh
748,pixelweapons
749,pixelwooorms
750,pixelworldsz
751,pixiimonstaa
752,pixisnaxxxxx
753,pixlpopheros
754,placeitsupzc
755,plartcollect
756,pngdivingwld
758,pokemoncardd
759,pokeyforever
760,polygon2arts
761,porkbuscards
762,pornhubcard2
763,potomacskyrb
764,powertaggame
765,precognition
766,printergobrr
767,proantarktis
768,proartgalley
769,producepeeps
770,projectnifty
771,prospectorsa
772,puftcreative
773,puzzlecrypto
774,rabbithole11
775,raccoonbrand
776,radaquesttcg
777,radiosilence
778,rarezcollect
779,realartifact
780,reallifereal
781,realmyaucats
782,realoriginal
783,realworld144
784,reauofficial
785,rebelrabbits
786,redplanetart
788,retrofutures
789,reuploaddeut
791,risingstarga
792,roardigiarts
793,robonomicaio
794,rowdoesstuff
795,rp1anetverif
796,rplanatverif
798,rplanet
799,rplanetpacks
800,rplanettpack
801,rplanetverif
802,rubioriginal
803,ruummspringa
804,sacredcircle
805,safexnft5555
806,samuraigirls
807,savantcollec
808,screwubearss
809,scrtgeometry
810,seaglassnfts
811,seedrnftrees
812,seeingnft111
813,senorlupeoke
814,seralkillerr
815,seriyavisual
816,settingdown1
817,seven1111111
818,shapeswaxnft
819,shatnertweet
820,sillypsybenx
821,simagigit453
823,skatecoinwax
824,sketchsquad1
825,skullartlife
826,skullhead225
827,skullwithin1
828,skyseries123
829,smallcircles
830,smartowl1123
831,sn3jdargll35
832,sock.mafia
833,solarsystem1
834,sometimesnft
835,soulaniagame
836,soundzonenft
837,sp1lecomdon1
838,space1catzzz
839,spacedoutpak
840,spacequbeadv
841,spinningicon
842,spiralsplash
843,splintercard
844,splintrlands
845,springtrain1
846,squarerooted
847,stackofcards
848,staingenart1
849,standardpack
850,starcardscpt
852,stf.capcom
853,stickergamee
854,stickypeople
855,stoccistudio
856,strattonsire
857,stuffndigart
858,sunriseonwax
859,supergeek111
860,surfkoattnft
861,swagboardsds
862,tachitachi13
863,talesofcrypt
864,tapedamagetv
865,tcinventions
866,technonation
867,tekcoinalpha
868,tenminuteart
869,testcollecr4
870,theartisyart
871,thebrickings
872,thecanvases1
873,thecryptotvs
874,thedaysofnft
875,thederpycats
877,theflatlines
878,thegeomatrix
879,thehorrorsss
880,theniftyshop
881,theonlineinn
882,theonlykarma
884,thepomodoros
885,thepupparazi
886,therarebits1
887,therealnacho
888,theshapesnft
889,theweewizard
890,thisisatest1
891,tidbytsnfts1
892,tokenhead
893,toltecwarrio
894,tomjomnomtjn
895,toppsfuckery
896,tradingpost1
897,traintagsuno
898,transcedentl
899,traspailkids
900,travnastyart
902,tribalbooks
903,tribe.ladz
904,trippyflowzz
905,trocproclock
906,tstrialsnfts
907,ttvnewmatic1
908,tumbrrrrrrrr
909,twerkyypepes
910,twobontanica
911,uaretheherox
912,udogoodstuff
913,ultrahorrore
914,ultrahorrorr
915,ultrahorrors
916,ultrahorross
917,ultrarare
918,ultrehorrors
919,undeadcuties
921,unitedartist
922,unlimitedwax
923,upiandscards
924,upland.cards
925,upland1cards
926,uplandcardss
927,uplandcomics
928,uplandhotels
929,uplandhubnft
930,uplandscards
931,upliftart
932,upliftworld
933,upliftworld2
934,uptonemotors
935,urbantexture
936,ussrstampsjf
937,vancitycomic
938,vaporwaveart
939,varievarie12
940,vesaartonwax
941,videopawerec
942,vigilantnfts
943,virginscards
944,virtualakart
946,visionarynft
947,volcanoaesop
949,wampastompa1
950,warclanstime
951,wavesilkarts
952,wax.comics
953,waxartcards1
954,waxartcollec
956,waxforerotic
957,waxinwgmeets
959,waxpackfiend
960,waxromanians
961,waxwhalesnft
962,wchdesignxxx
963,weaponsofpow
964,wecan
965,weed4pothead
966,weedstickers
968,weirdornot12
969,wickedsketch
971,wizardtavern
972,wolfensnfts1
973,wolfpackclub
974,woodyfunexpl
975,worldofgemin
976,worldtravelx
977,wpcollection
978,wpcwrarecard
979,writer
980,wvmnftsonwax
981,xnxxdotcom11
982,xthingscards
983,xxbleetcolxx
984,yetigraffiti
985,yournftsgems
986,zamuraionwax
987,zanygumballs
988,zerotwozeroz
989,zerrotwozerr
990,zeugencorona
991,zippergirls1
992,zlfhomedecor
993,zombaeseries
994,zombieartist
